34678734d1b88da9df5445fbdfbf026c380fcacf8832ed8632e8339e3c1b345e	projects/DOC-2-077-Small-Protein-Problem/LARGE_DATA_NOTE.md	DOC-2-077-Small-Protein-Problem/LARGE_DATA_NOTE.md
c0220423edd52c8679088cbe5474ffdf928852263de73df71351f13919399199	projects/DOC-2-077-Small-Protein-Problem/PROJECT_SUMMARY.md	DOC-2-077-Small-Protein-Problem/PROJECT_SUMMARY.md
600242ad0273e24f9d06606f5f9075628bb4921a75947155f1c85f206b198392	projects/DOC-2-077-Small-Protein-Problem/rounds/SP-004-R2-contradiction-resolution-20260921.tar/SP-004-R2-contradiction-resolution/README.md	DOC-2-077-Small-Protein-Problem/rounds/SP-004-R2-contradiction-resolution-20260921.tar/SP-004-R2-contradiction-resolution/README.md
9319cebedbe0eaf6ceedc803ac8740e9e962fa3247f32f519e21198e5e9bc2e5	projects/DOC-2-077-Small-Protein-Problem/rounds/SP-004-R2-contradiction-resolution-20260921.tar/SP-004-R2-contradiction-resolution/code/analyze_round2.py	DOC-2-077-Small-Protein-Problem/rounds/SP-004-R2-contradiction-resolution-20260921.tar/SP-004-R2-contradiction-resolution/code/analyze_round2.py
85341ef8dad978339cc87c5106c9287f9265982fbac84f0ed58a019b0f6f90e4	projects/DOC-2-077-Small-Protein-Problem/rounds/SP-004-R2-contradiction-resolution-20260921.tar/SP-004-R2-contradiction-resolution/figures/sequential_contrasts.png	DOC-2-077-Small-Protein-Problem/rounds/SP-004-R2-contradiction-resolution-20260921.tar/SP-004-R2-contradiction-resolution/figures/sequential_contrasts.png
9d4bcb89325af6acaf7ee1c7e911d4b0858140fd59a8682385cf08bf40090f03	projects/DOC-2-077-Small-Protein-Problem/rounds/SP-004-R2-contradiction-resolution-20260921.tar/SP-004-R2-contradiction-resolution/product/NEXT_STAGE_SPECIFICATION.md	DOC-2-077-Small-Protein-Problem/rounds/SP-004-R2-contradiction-resolution-20260921.tar/SP-004-R2-contradiction-resolution/product/NEXT_STAGE_SPECIFICATION.md
8419a5b8c95976f84a1ed4522eebf4bf9c357c76f11c3cb9a4c42882a713c6b8	projects/DOC-2-077-Small-Protein-Problem/rounds/SP-004-R2-contradiction-resolution-20260921.tar/SP-004-R2-contradiction-resolution/protocol/LOCKED_PROTOCOL.md	DOC-2-077-Small-Protein-Problem/rounds/SP-004-R2-contradiction-resolution-20260921.tar/SP-004-R2-contradiction-resolution/protocol/LOCKED_PROTOCOL.md
09c6f317a9e1c8cb333c61a841597b30b2e3da8f41a011d39d80fea59e6a1b01	projects/DOC-2-077-Small-Protein-Problem/rounds/SP-004-R2-contradiction-resolution-20260921.tar/SP-004-R2-contradiction-resolution/protocol/LOCKED_PROTOCOL.sha256	DOC-2-077-Small-Protein-Problem/rounds/SP-004-R2-contradiction-resolution-20260921.tar/SP-004-R2-contradiction-resolution/protocol/LOCKED_PROTOCOL.sha256
96c8153b3647903071a6317cdec4ef02e70a67675a6e55fe3127cdfe96ccb009	projects/DOC-2-077-Small-Protein-Problem/rounds/SP-004-R2-contradiction-resolution-20260921.tar/SP-004-R2-contradiction-resolution/protocol/protocol.json	DOC-2-077-Small-Protein-Problem/rounds/SP-004-R2-contradiction-resolution-20260921.tar/SP-004-R2-contradiction-resolution/protocol/protocol.json
5512a7bab663711c2c5f2036b0d5a3e9609bc090901eb6a9e4280a3e1822abe6	projects/DOC-2-077-Small-Protein-Problem/rounds/SP-004-R2-contradiction-resolution-20260921.tar/SP-004-R2-contradiction-resolution/provenance/ENVIRONMENT.txt	DOC-2-077-Small-Protein-Problem/rounds/SP-004-R2-contradiction-resolution-20260921.tar/SP-004-R2-contradiction-resolution/provenance/ENVIRONMENT.txt
e1990bf048f5c83f55d91e847e6f3d0d9ec1215ed9fb8d5136e248692c51daa2	projects/DOC-2-077-Small-Protein-Problem/rounds/SP-004-R2-contradiction-resolution-20260921.tar/SP-004-R2-contradiction-resolution/provenance/SOURCE_LEDGER.md	DOC-2-077-Small-Protein-Problem/rounds/SP-004-R2-contradiction-resolution-20260921.tar/SP-004-R2-contradiction-resolution/provenance/SOURCE_LEDGER.md
863fb240cb1fcedb8154a11aedc2bc208dfd68c6ccb78d8f2e723ad5752f00d6	projects/DOC-2-077-Small-Protein-Problem/rounds/SP-004-R2-contradiction-resolution-20260921.tar/SP-004-R2-contradiction-resolution/provenance/file_manifest_sha256.csv	DOC-2-077-Small-Protein-Problem/rounds/SP-004-R2-contradiction-resolution-20260921.tar/SP-004-R2-contradiction-resolution/provenance/file_manifest_sha256.csv
3798230a81ef2ac557d88f8f11b6bc1f54cf6c917a94ddc02957aa4c6a2d0126	projects/DOC-2-077-Small-Protein-Problem/rounds/SP-004-R2-contradiction-resolution-20260921.tar/SP-004-R2-contradiction-resolution/provenance/goa_human_retrieved_utc.txt	DOC-2-077-Small-Protein-Problem/rounds/SP-004-R2-contradiction-resolution-20260921.tar/SP-004-R2-contradiction-resolution/provenance/goa_human_retrieved_utc.txt
8dd2ee46a169ad1a7974b1effdb2c0b2fa614acec8cb94d8d38c02b7ccce6323	projects/DOC-2-077-Small-Protein-Problem/rounds/SP-004-R2-contradiction-resolution-20260921.tar/SP-004-R2-contradiction-resolution/provenance/goa_human_url.txt	DOC-2-077-Small-Protein-Problem/rounds/SP-004-R2-contradiction-resolution-20260921.tar/SP-004-R2-contradiction-resolution/provenance/goa_human_url.txt
c7c378a426047c3d4d35abfa3f82f58bb9b1c309bc0e24d5db3a2dfb7de80dbd	projects/DOC-2-077-Small-Protein-Problem/rounds/SP-004-R2-contradiction-resolution-20260921.tar/SP-004-R2-contradiction-resolution/provenance/goa_mouse_retrieved_utc.txt	DOC-2-077-Small-Protein-Problem/rounds/SP-004-R2-contradiction-resolution-20260921.tar/SP-004-R2-contradiction-resolution/provenance/goa_mouse_retrieved_utc.txt
41ae6f36909c9a6efbc8d5802ab3a564cfde792711bd019106d42d2b1c60525a	projects/DOC-2-077-Small-Protein-Problem/rounds/SP-004-R2-contradiction-resolution-20260921.tar/SP-004-R2-contradiction-resolution/provenance/goa_mouse_url.txt	DOC-2-077-Small-Protein-Problem/rounds/SP-004-R2-contradiction-resolution-20260921.tar/SP-004-R2-contradiction-resolution/provenance/goa_mouse_url.txt
4900f8878e3042f2f4ee9199ceb0dc35a1f4df8478ee4b0e4289d4858082e70c	projects/DOC-2-077-Small-Protein-Problem/rounds/SP-004-R2-contradiction-resolution-20260921.tar/SP-004-R2-contradiction-resolution/provenance/goa_yeast_retrieved_utc.txt	DOC-2-077-Small-Protein-Problem/rounds/SP-004-R2-contradiction-resolution-20260921.tar/SP-004-R2-contradiction-resolution/provenance/goa_yeast_retrieved_utc.txt
47586e361dffc610b19fad9fe592a4a641230990f1ef1c18897488715337b6bf	projects/DOC-2-077-Small-Protein-Problem/rounds/SP-004-R2-contradiction-resolution-20260921.tar/SP-004-R2-contradiction-resolution/provenance/goa_yeast_url.txt	DOC-2-077-Small-Protein-Problem/rounds/SP-004-R2-contradiction-resolution-20260921.tar/SP-004-R2-contradiction-resolution/provenance/goa_yeast_url.txt
b74d810c5a8e20fd0543d56b15128d5c5e8269964c4fedb56b2cd92e40b40b7d	projects/DOC-2-077-Small-Protein-Problem/rounds/SP-004-R2-contradiction-resolution-20260921.tar/SP-004-R2-contradiction-resolution/provenance/uniprot_bacteria_headers.txt	DOC-2-077-Small-Protein-Problem/rounds/SP-004-R2-contradiction-resolution-20260921.tar/SP-004-R2-contradiction-resolution/provenance/uniprot_bacteria_headers.txt
a0b0b270ad44543a92dd2fdf628dc2c049eea01ecdd20971adc07356a6945fb4	projects/DOC-2-077-Small-Protein-Problem/rounds/SP-004-R2-contradiction-resolution-20260921.tar/SP-004-R2-contradiction-resolution/provenance/uniprot_bacteria_retrieved_utc.txt	DOC-2-077-Small-Protein-Problem/rounds/SP-004-R2-contradiction-resolution-20260921.tar/SP-004-R2-contradiction-resolution/provenance/uniprot_bacteria_retrieved_utc.txt
0d0a5639a1146bcaa023ce908454ea203900c16d7256e57fdaa6c8d1e4fc88e6	projects/DOC-2-077-Small-Protein-Problem/rounds/SP-004-R2-contradiction-resolution-20260921.tar/SP-004-R2-contradiction-resolution/provenance/uniprot_bacteria_url.txt	DOC-2-077-Small-Protein-Problem/rounds/SP-004-R2-contradiction-resolution-20260921.tar/SP-004-R2-contradiction-resolution/provenance/uniprot_bacteria_url.txt
79cda54355b458ee9ce715e894e0e795ff052fcfc1c4d79f60e1b8bfc906f820	projects/DOC-2-077-Small-Protein-Problem/rounds/SP-004-R2-contradiction-resolution-20260921.tar/SP-004-R2-contradiction-resolution/provenance/uniprot_human_headers.txt	DOC-2-077-Small-Protein-Problem/rounds/SP-004-R2-contradiction-resolution-20260921.tar/SP-004-R2-contradiction-resolution/provenance/uniprot_human_headers.txt
cca592c175c74d0b0761e5606f9f03006e37c003defaec4f1ea1f17a07267c50	projects/DOC-2-077-Small-Protein-Problem/rounds/SP-004-R2-contradiction-resolution-20260921.tar/SP-004-R2-contradiction-resolution/provenance/uniprot_human_retrieved_utc.txt	DOC-2-077-Small-Protein-Problem/rounds/SP-004-R2-contradiction-resolution-20260921.tar/SP-004-R2-contradiction-resolution/provenance/uniprot_human_retrieved_utc.txt
8969414326d27cec1a033abfb97f1d3874991042c39def9721ae1448c9735229	projects/DOC-2-077-Small-Protein-Problem/rounds/SP-004-R2-contradiction-resolution-20260921.tar/SP-004-R2-contradiction-resolution/provenance/uniprot_human_url.txt	DOC-2-077-Small-Protein-Problem/rounds/SP-004-R2-contradiction-resolution-20260921.tar/SP-004-R2-contradiction-resolution/provenance/uniprot_human_url.txt
8552d2c3d3a8576d38f9b6d6ae04be0b238fe7920592ca03a69781e523033c12	projects/DOC-2-077-Small-Protein-Problem/rounds/SP-004-R2-contradiction-resolution-20260921.tar/SP-004-R2-contradiction-resolution/provenance/uniprot_mouse_headers.txt	DOC-2-077-Small-Protein-Problem/rounds/SP-004-R2-contradiction-resolution-20260921.tar/SP-004-R2-contradiction-resolution/provenance/uniprot_mouse_headers.txt
c52cd5fdc917a27984ccb1bacb877ac54c5eafddc06f6ea28748f64172f5db9f	projects/DOC-2-077-Small-Protein-Problem/rounds/SP-004-R2-contradiction-resolution-20260921.tar/SP-004-R2-contradiction-resolution/provenance/uniprot_mouse_retrieved_utc.txt	DOC-2-077-Small-Protein-Problem/rounds/SP-004-R2-contradiction-resolution-20260921.tar/SP-004-R2-contradiction-resolution/provenance/uniprot_mouse_retrieved_utc.txt
47afb4533ef9f8b6bcfe397c3ced32deb449dcd1236fa8fa650f1b8801b27904	projects/DOC-2-077-Small-Protein-Problem/rounds/SP-004-R2-contradiction-resolution-20260921.tar/SP-004-R2-contradiction-resolution/provenance/uniprot_mouse_url.txt	DOC-2-077-Small-Protein-Problem/rounds/SP-004-R2-contradiction-resolution-20260921.tar/SP-004-R2-contradiction-resolution/provenance/uniprot_mouse_url.txt
bfb3607a8b858fe48e8a2615cd76a45ebb48ef09bdc047788f7c0dd7cee9268f	projects/DOC-2-077-Small-Protein-Problem/rounds/SP-004-R2-contradiction-resolution-20260921.tar/SP-004-R2-contradiction-resolution/provenance/uniprot_yeast_headers.txt	DOC-2-077-Small-Protein-Problem/rounds/SP-004-R2-contradiction-resolution-20260921.tar/SP-004-R2-contradiction-resolution/provenance/uniprot_yeast_headers.txt
f9ba200b0e3b05ac169538436dc8011bd310d53af36de006ab099f6f0757e8e1	projects/DOC-2-077-Small-Protein-Problem/rounds/SP-004-R2-contradiction-resolution-20260921.tar/SP-004-R2-contradiction-resolution/provenance/uniprot_yeast_retrieved_utc.txt	DOC-2-077-Small-Protein-Problem/rounds/SP-004-R2-contradiction-resolution-20260921.tar/SP-004-R2-contradiction-resolution/provenance/uniprot_yeast_retrieved_utc.txt
eb615d6e2da4698ebbce434de7fea898b909f3dea2dee4d7f1abb3158dde5759	projects/DOC-2-077-Small-Protein-Problem/rounds/SP-004-R2-contradiction-resolution-20260921.tar/SP-004-R2-contradiction-resolution/provenance/uniprot_yeast_url.txt	DOC-2-077-Small-Protein-Problem/rounds/SP-004-R2-contradiction-resolution-20260921.tar/SP-004-R2-contradiction-resolution/provenance/uniprot_yeast_url.txt
55a7c80d54f47d99b872305019302793048751a7a6fefe430ce861a090554d49	projects/DOC-2-077-Small-Protein-Problem/rounds/SP-004-R2-contradiction-resolution-20260921.tar/SP-004-R2-contradiction-resolution/report/FULL_TECHNICAL_REPORT.md	DOC-2-077-Small-Protein-Problem/rounds/SP-004-R2-contradiction-resolution-20260921.tar/SP-004-R2-contradiction-resolution/report/FULL_TECHNICAL_REPORT.md
7769e5a5851df87b18605a484ccb2ee2701982fba42439b183be4bf30236176f	projects/DOC-2-077-Small-Protein-Problem/rounds/SP-004-R2-contradiction-resolution-20260921.tar/SP-004-R2-contradiction-resolution/results/balance_diagnostics.csv	DOC-2-077-Small-Protein-Problem/rounds/SP-004-R2-contradiction-resolution-20260921.tar/SP-004-R2-contradiction-resolution/results/balance_diagnostics.csv
ba18767f390f27e2b79d96b09e297e1eb36bb7ff9435f946de0b1f908d9a3068	projects/DOC-2-077-Small-Protein-Problem/rounds/SP-004-R2-contradiction-resolution-20260921.tar/SP-004-R2-contradiction-resolution/results/coarsened_exact_matching.csv	DOC-2-077-Small-Protein-Problem/rounds/SP-004-R2-contradiction-resolution-20260921.tar/SP-004-R2-contradiction-resolution/results/coarsened_exact_matching.csv
22b97ab5af01e4ea94f9e45a0d0438b42ea9beb389c6abcc3683dbbf37d68599	projects/DOC-2-077-Small-Protein-Problem/rounds/SP-004-R2-contradiction-resolution-20260921.tar/SP-004-R2-contradiction-resolution/results/gate_decision.json	DOC-2-077-Small-Protein-Problem/rounds/SP-004-R2-contradiction-resolution-20260921.tar/SP-004-R2-contradiction-resolution/results/gate_decision.json
893b1fe4270904e959a37cfe8d3bd0d2664a6ee06321a9dc87a606d5a35c2e32	projects/DOC-2-077-Small-Protein-Problem/rounds/SP-004-R2-contradiction-resolution-20260921.tar/SP-004-R2-contradiction-resolution/results/sensitivity.csv	DOC-2-077-Small-Protein-Problem/rounds/SP-004-R2-contradiction-resolution-20260921.tar/SP-004-R2-contradiction-resolution/results/sensitivity.csv
814770b1e45cee6fac8c6c26c1852ce243124f56bb7541bb95eb2d553ff715e1	projects/DOC-2-077-Small-Protein-Problem/rounds/SP-004-R2-contradiction-resolution-20260921.tar/SP-004-R2-contradiction-resolution/results/sequential_effects.csv	DOC-2-077-Small-Protein-Problem/rounds/SP-004-R2-contradiction-resolution-20260921.tar/SP-004-R2-contradiction-resolution/results/sequential_effects.csv
7f0575b10d817ad14190ad8f788eac48ee5147c3b59a7e0546634f82bbeea11f	projects/DOC-2-077-Small-Protein-Problem/rounds/SP-004-R2-contradiction-resolution-20260921.tar/SP-004-R2-contradiction-resolution/results/unadjusted_effects.csv	DOC-2-077-Small-Protein-Problem/rounds/SP-004-R2-contradiction-resolution-20260921.tar/SP-004-R2-contradiction-resolution/results/unadjusted_effects.csv
b1c76035fa4259101b4f80e89cf7c82d7c52c5fef68046a832ec84a2ec969b8b	projects/DOC-2-077-Small-Protein-Problem/rounds/SP-004-R2-contradiction-resolution-20260921.tar/SP-004-R2-contradiction-resolution/review/FLAGSHIP_REVIEW.md	DOC-2-077-Small-Protein-Problem/rounds/SP-004-R2-contradiction-resolution-20260921.tar/SP-004-R2-contradiction-resolution/review/FLAGSHIP_REVIEW.md
522b6e2f08c827e114404dea4fdec996ce2ef4f3955728dab22b47bbe2218583	projects/DOC-2-077-Small-Protein-Problem/rounds/SP-004-R3-family-stratified-20260921.tar-d418671c/SP-004-R3-family-stratified/README.md	DOC-2-077-Small-Protein-Problem/rounds/SP-004-R3-family-stratified-20260921.tar-d418671c/SP-004-R3-family-stratified/README.md
806d232f19e4501f751ce48fded75c30db20c95ae8eacd5c29f8f09161a10e64	projects/DOC-2-077-Small-Protein-Problem/rounds/SP-004-R3-family-stratified-20260921.tar-d418671c/SP-004-R3-family-stratified/code/run_r3.py	DOC-2-077-Small-Protein-Problem/rounds/SP-004-R3-family-stratified-20260921.tar-d418671c/SP-004-R3-family-stratified/code/run_r3.py
d9e3cce9a1b95e1576d1491ec1e0bc6405ca573e8dbda2483d2ad24c90ae6eab	projects/DOC-2-077-Small-Protein-Problem/rounds/SP-004-R3-family-stratified-20260921.tar-d418671c/SP-004-R3-family-stratified/figures/family_estimands.png	DOC-2-077-Small-Protein-Problem/rounds/SP-004-R3-family-stratified-20260921.tar-d418671c/SP-004-R3-family-stratified/figures/family_estimands.png
b1e36dfad1d711da43779af10952efc37c9407bff803ff56060077a98d225085	projects/DOC-2-077-Small-Protein-Problem/rounds/SP-004-R3-family-stratified-20260921.tar-d418671c/SP-004-R3-family-stratified/protocol/LOCKED_PROTOCOL.md	DOC-2-077-Small-Protein-Problem/rounds/SP-004-R3-family-stratified-20260921.tar-d418671c/SP-004-R3-family-stratified/protocol/LOCKED_PROTOCOL.md
b3b002bda13735a86710f030a7949f9c6a064b298cd3841168347a940d01b131	projects/DOC-2-077-Small-Protein-Problem/rounds/SP-004-R3-family-stratified-20260921.tar-d418671c/SP-004-R3-family-stratified/protocol/LOCKED_PROTOCOL.sha256	DOC-2-077-Small-Protein-Problem/rounds/SP-004-R3-family-stratified-20260921.tar-d418671c/SP-004-R3-family-stratified/protocol/LOCKED_PROTOCOL.sha256
52843554eec5c38fa5fe892acfbf0f906258f88098f05141521a4996fbc16722	projects/DOC-2-077-Small-Protein-Problem/rounds/SP-004-R3-family-stratified-20260921.tar-d418671c/SP-004-R3-family-stratified/protocol/protocol.json	DOC-2-077-Small-Protein-Problem/rounds/SP-004-R3-family-stratified-20260921.tar-d418671c/SP-004-R3-family-stratified/protocol/protocol.json
26330eeaf7414fd6e691f947ec0173261eb339779d8df48ba2b418ec39c75cf9	projects/DOC-2-077-Small-Protein-Problem/rounds/SP-004-R3-family-stratified-20260921.tar-d418671c/SP-004-R3-family-stratified/provenance/ENVIRONMENT.txt	DOC-2-077-Small-Protein-Problem/rounds/SP-004-R3-family-stratified-20260921.tar-d418671c/SP-004-R3-family-stratified/provenance/ENVIRONMENT.txt
7f0575b10d817ad14190ad8f788eac48ee5147c3b59a7e0546634f82bbeea11f	projects/DOC-2-077-Small-Protein-Problem/rounds/SP-004-R3-family-stratified-20260921.tar-d418671c/SP-004-R3-family-stratified/provenance/R2_unadjusted_effects.csv	DOC-2-077-Small-Protein-Problem/rounds/SP-004-R3-family-stratified-20260921.tar-d418671c/SP-004-R3-family-stratified/provenance/R2_unadjusted_effects.csv
dbc17b1b5c0efb5c3be7eda3273ddca7498d5a8902754eebdae61d9bbb5c0bfa	projects/DOC-2-077-Small-Protein-Problem/rounds/SP-004-R3-family-stratified-20260921.tar-d418671c/SP-004-R3-family-stratified/provenance/SOURCE_LEDGER.md	DOC-2-077-Small-Protein-Problem/rounds/SP-004-R3-family-stratified-20260921.tar-d418671c/SP-004-R3-family-stratified/provenance/SOURCE_LEDGER.md
8f566f95f29b8b7731f1d250d174a52dcb2faf3d8a48e1fe49a2692cd2edfa34	projects/DOC-2-077-Small-Protein-Problem/rounds/SP-004-R3-family-stratified-20260921.tar-d418671c/SP-004-R3-family-stratified/provenance/file_manifest_sha256.csv	DOC-2-077-Small-Protein-Problem/rounds/SP-004-R3-family-stratified-20260921.tar-d418671c/SP-004-R3-family-stratified/provenance/file_manifest_sha256.csv
126c2b79f54b944a89719b8a2a5aafc8db74f9ffac605a4d7ccbc824f9098336	projects/DOC-2-077-Small-Protein-Problem/rounds/SP-004-R3-family-stratified-20260921.tar-d418671c/SP-004-R3-family-stratified/report/FULL_TECHNICAL_REPORT.md	DOC-2-077-Small-Protein-Problem/rounds/SP-004-R3-family-stratified-20260921.tar-d418671c/SP-004-R3-family-stratified/report/FULL_TECHNICAL_REPORT.md
9dec089597028ba4e469e8dacd9cf7ebf057f955d4872f48d0dc9cbbbe07dd05	projects/DOC-2-077-Small-Protein-Problem/rounds/SP-004-R3-family-stratified-20260921.tar-d418671c/SP-004-R3-family-stratified/results/bacteria_narrow_families.csv	DOC-2-077-Small-Protein-Problem/rounds/SP-004-R3-family-stratified-20260921.tar-d418671c/SP-004-R3-family-stratified/results/bacteria_narrow_families.csv
ee299397dce741331d47c3462cc0621f29511a38e4e9102de074dd0dcd9caba4	projects/DOC-2-077-Small-Protein-Problem/rounds/SP-004-R3-family-stratified-20260921.tar-d418671c/SP-004-R3-family-stratified/results/domain_summary.csv	DOC-2-077-Small-Protein-Problem/rounds/SP-004-R3-family-stratified-20260921.tar-d418671c/SP-004-R3-family-stratified/results/domain_summary.csv
f7353f7d791fcf8a520fd64f7dca51d26b0e5b1e49ed6678f519a1c07160e33e	projects/DOC-2-077-Small-Protein-Problem/rounds/SP-004-R3-family-stratified-20260921.tar-d418671c/SP-004-R3-family-stratified/results/family_effects.csv	DOC-2-077-Small-Protein-Problem/rounds/SP-004-R3-family-stratified-20260921.tar-d418671c/SP-004-R3-family-stratified/results/family_effects.csv
eee70e045487610af90d792e4530d089a68654277407ab26cd61eaa04ec9a166	projects/DOC-2-077-Small-Protein-Problem/rounds/SP-004-R3-family-stratified-20260921.tar-d418671c/SP-004-R3-family-stratified/results/gate_decision.json	DOC-2-077-Small-Protein-Problem/rounds/SP-004-R3-family-stratified-20260921.tar-d418671c/SP-004-R3-family-stratified/results/gate_decision.json
465adf81c57c251a3a1574b6f5eadf2dce3eb5422f602009f27aa0ba896477db	projects/DOC-2-077-Small-Protein-Problem/rounds/SP-004-R3-family-stratified-20260921.tar-d418671c/SP-004-R3-family-stratified/results/human_narrow_families.csv	DOC-2-077-Small-Protein-Problem/rounds/SP-004-R3-family-stratified-20260921.tar-d418671c/SP-004-R3-family-stratified/results/human_narrow_families.csv
8cc3d492985f46b6708d92a7dabfe55c5f9fb3aae444e609fef288383373f9b1	projects/DOC-2-077-Small-Protein-Problem/rounds/SP-004-R3-family-stratified-20260921.tar-d418671c/SP-004-R3-family-stratified/results/leave_top_family_out.csv	DOC-2-077-Small-Protein-Problem/rounds/SP-004-R3-family-stratified-20260921.tar-d418671c/SP-004-R3-family-stratified/results/leave_top_family_out.csv
d5f1bc60af3a9ba1be884756348609dc8361ee0256f901846f95cdc8161f11c9	projects/DOC-2-077-Small-Protein-Problem/rounds/SP-004-R3-family-stratified-20260921.tar-d418671c/SP-004-R3-family-stratified/results/minimum_family_size_sensitivity.csv	DOC-2-077-Small-Protein-Problem/rounds/SP-004-R3-family-stratified-20260921.tar-d418671c/SP-004-R3-family-stratified/results/minimum_family_size_sensitivity.csv
b369ccf7d6d56c9e410bfa6d6f4c413e4c6ee261acf1b0b48571361b6e477176	projects/DOC-2-077-Small-Protein-Problem/rounds/SP-004-R3-family-stratified-20260921.tar-d418671c/SP-004-R3-family-stratified/results/mouse_narrow_families.csv	DOC-2-077-Small-Protein-Problem/rounds/SP-004-R3-family-stratified-20260921.tar-d418671c/SP-004-R3-family-stratified/results/mouse_narrow_families.csv
1c0d96ad46d300448181904acaee41e6ed90c30871df052efca250b46307d1a9	projects/DOC-2-077-Small-Protein-Problem/rounds/SP-004-R3-family-stratified-20260921.tar-d418671c/SP-004-R3-family-stratified/results/yeast_narrow_families.csv	DOC-2-077-Small-Protein-Problem/rounds/SP-004-R3-family-stratified-20260921.tar-d418671c/SP-004-R3-family-stratified/results/yeast_narrow_families.csv
8adc927400719d76c63c44bf49a677b588c205a3d9af90c7f80b403db842f254	projects/DOC-2-077-Small-Protein-Problem/rounds/SP-004-R3-family-stratified-20260921.tar-d418671c/SP-004-R3-family-stratified/review/FLAGSHIP_REVIEW.md	DOC-2-077-Small-Protein-Problem/rounds/SP-004-R3-family-stratified-20260921.tar-d418671c/SP-004-R3-family-stratified/review/FLAGSHIP_REVIEW.md
1d155755d8e9941a91e72dadd18dac02f6e0b19d3209a4e294284a132800f55d	projects/DOC-2-077-Small-Protein-Problem/rounds/SP-004-R4-eukaryotic-estimability-20260921.tar-b0af739b/SP-004-R4-eukaryotic-estimability/README.md	DOC-2-077-Small-Protein-Problem/rounds/SP-004-R4-eukaryotic-estimability-20260921.tar-b0af739b/SP-004-R4-eukaryotic-estimability/README.md
c4d4d38de9ac1c43a5230fbe54cb654e380bfc0500c7e5afc95256cb4f98afc4	projects/DOC-2-077-Small-Protein-Problem/rounds/SP-004-R4-eukaryotic-estimability-20260921.tar-b0af739b/SP-004-R4-eukaryotic-estimability/code/run_r4.py	DOC-2-077-Small-Protein-Problem/rounds/SP-004-R4-eukaryotic-estimability-20260921.tar-b0af739b/SP-004-R4-eukaryotic-estimability/code/run_r4.py
77e8585e303bdb51830f398e6a30773857bbb4ed9fe8e858a86f01e3d342b411	projects/DOC-2-077-Small-Protein-Problem/rounds/SP-004-R4-eukaryotic-estimability-20260921.tar-b0af739b/SP-004-R4-eukaryotic-estimability/figures/all_pfam_estimands.png	DOC-2-077-Small-Protein-Problem/rounds/SP-004-R4-eukaryotic-estimability-20260921.tar-b0af739b/SP-004-R4-eukaryotic-estimability/figures/all_pfam_estimands.png
da7d3387574c6902a07fa7c44206f1c016788aac1ac5794bafb7a1155e317d60	projects/DOC-2-077-Small-Protein-Problem/rounds/SP-004-R4-eukaryotic-estimability-20260921.tar-b0af739b/SP-004-R4-eukaryotic-estimability/protocol/LOCKED_PROTOCOL.md	DOC-2-077-Small-Protein-Problem/rounds/SP-004-R4-eukaryotic-estimability-20260921.tar-b0af739b/SP-004-R4-eukaryotic-estimability/protocol/LOCKED_PROTOCOL.md
f34a40753adb0e3893cced9b328c83ea10f844b8cc42c81c143484bf3f246547	projects/DOC-2-077-Small-Protein-Problem/rounds/SP-004-R4-eukaryotic-estimability-20260921.tar-b0af739b/SP-004-R4-eukaryotic-estimability/protocol/LOCKED_PROTOCOL.sha256	DOC-2-077-Small-Protein-Problem/rounds/SP-004-R4-eukaryotic-estimability-20260921.tar-b0af739b/SP-004-R4-eukaryotic-estimability/protocol/LOCKED_PROTOCOL.sha256
e76f62aa45dffc837d4089c2d24c36b5f5844cd040bfd1398b0048c3f61eb8bc	projects/DOC-2-077-Small-Protein-Problem/rounds/SP-004-R4-eukaryotic-estimability-20260921.tar-b0af739b/SP-004-R4-eukaryotic-estimability/protocol/protocol.json	DOC-2-077-Small-Protein-Problem/rounds/SP-004-R4-eukaryotic-estimability-20260921.tar-b0af739b/SP-004-R4-eukaryotic-estimability/protocol/protocol.json
8890643533bc72c9e56092970a8a88f52c233763ab321f1907249d31c536bf0c	projects/DOC-2-077-Small-Protein-Problem/rounds/SP-004-R4-eukaryotic-estimability-20260921.tar-b0af739b/SP-004-R4-eukaryotic-estimability/provenance/ENVIRONMENT.txt	DOC-2-077-Small-Protein-Problem/rounds/SP-004-R4-eukaryotic-estimability-20260921.tar-b0af739b/SP-004-R4-eukaryotic-estimability/provenance/ENVIRONMENT.txt
c02e0fe0adf09221d669a05cb7d6c80d292b60ac2d95ea82ab74deecfb168308	projects/DOC-2-077-Small-Protein-Problem/rounds/SP-004-R4-eukaryotic-estimability-20260921.tar-b0af739b/SP-004-R4-eukaryotic-estimability/provenance/SOURCE_LEDGER.md	DOC-2-077-Small-Protein-Problem/rounds/SP-004-R4-eukaryotic-estimability-20260921.tar-b0af739b/SP-004-R4-eukaryotic-estimability/provenance/SOURCE_LEDGER.md
9173eedc3d1686caeff40280ecaf404e2dc338d7924bd65b3af578baf58019a6	projects/DOC-2-077-Small-Protein-Problem/rounds/SP-004-R4-eukaryotic-estimability-20260921.tar-b0af739b/SP-004-R4-eukaryotic-estimability/provenance/file_manifest_sha256.csv	DOC-2-077-Small-Protein-Problem/rounds/SP-004-R4-eukaryotic-estimability-20260921.tar-b0af739b/SP-004-R4-eukaryotic-estimability/provenance/file_manifest_sha256.csv
3572b9a4781ccd40ebf23dfbcf4b5e6ceeaafb5d721b7849c49b026d6e24b50d	projects/DOC-2-077-Small-Protein-Problem/rounds/SP-004-R4-eukaryotic-estimability-20260921.tar-b0af739b/SP-004-R4-eukaryotic-estimability/provenance/proteomics_human_retrieved_utc.txt	DOC-2-077-Small-Protein-Problem/rounds/SP-004-R4-eukaryotic-estimability-20260921.tar-b0af739b/SP-004-R4-eukaryotic-estimability/provenance/proteomics_human_retrieved_utc.txt
c923a14de2d0cf6a32fa00979d44f178f8a881161bd66447081126a17e1b832a	projects/DOC-2-077-Small-Protein-Problem/rounds/SP-004-R4-eukaryotic-estimability-20260921.tar-b0af739b/SP-004-R4-eukaryotic-estimability/provenance/proteomics_human_url.txt	DOC-2-077-Small-Protein-Problem/rounds/SP-004-R4-eukaryotic-estimability-20260921.tar-b0af739b/SP-004-R4-eukaryotic-estimability/provenance/proteomics_human_url.txt
809eb9cfed0993e760b592703dab0dfd9d82c5dc4e8cce227f821eb83a25769c	projects/DOC-2-077-Small-Protein-Problem/rounds/SP-004-R4-eukaryotic-estimability-20260921.tar-b0af739b/SP-004-R4-eukaryotic-estimability/provenance/proteomics_mouse_retrieved_utc.txt	DOC-2-077-Small-Protein-Problem/rounds/SP-004-R4-eukaryotic-estimability-20260921.tar-b0af739b/SP-004-R4-eukaryotic-estimability/provenance/proteomics_mouse_retrieved_utc.txt
92bcc484f879a6f9f378d2b4b4ce683c0734a9e4b41e477ca0c5ad10aeea8b41	projects/DOC-2-077-Small-Protein-Problem/rounds/SP-004-R4-eukaryotic-estimability-20260921.tar-b0af739b/SP-004-R4-eukaryotic-estimability/provenance/proteomics_mouse_url.txt	DOC-2-077-Small-Protein-Problem/rounds/SP-004-R4-eukaryotic-estimability-20260921.tar-b0af739b/SP-004-R4-eukaryotic-estimability/provenance/proteomics_mouse_url.txt
117816767a383029623207cd5de43369b66dc2e7e36001f86ed56228f06a10ef	projects/DOC-2-077-Small-Protein-Problem/rounds/SP-004-R4-eukaryotic-estimability-20260921.tar-b0af739b/SP-004-R4-eukaryotic-estimability/provenance/proteomics_yeast_retrieved_utc.txt	DOC-2-077-Small-Protein-Problem/rounds/SP-004-R4-eukaryotic-estimability-20260921.tar-b0af739b/SP-004-R4-eukaryotic-estimability/provenance/proteomics_yeast_retrieved_utc.txt
c8666dd73dc81f69d63faed28922f4f96740ab6ebc500a49ea36eaf614044ce5	projects/DOC-2-077-Small-Protein-Problem/rounds/SP-004-R4-eukaryotic-estimability-20260921.tar-b0af739b/SP-004-R4-eukaryotic-estimability/provenance/proteomics_yeast_url.txt	DOC-2-077-Small-Protein-Problem/rounds/SP-004-R4-eukaryotic-estimability-20260921.tar-b0af739b/SP-004-R4-eukaryotic-estimability/provenance/proteomics_yeast_url.txt
09169b515b95aad9aae0805f721d7c894a23fc4b14c35975ede4f2d5f6d67465	projects/DOC-2-077-Small-Protein-Problem/rounds/SP-004-R4-eukaryotic-estimability-20260921.tar-b0af739b/SP-004-R4-eukaryotic-estimability/report/FULL_TECHNICAL_REPORT.md	DOC-2-077-Small-Protein-Problem/rounds/SP-004-R4-eukaryotic-estimability-20260921.tar-b0af739b/SP-004-R4-eukaryotic-estimability/report/FULL_TECHNICAL_REPORT.md
1f85d7927f1e7bdf3c2f5061b7ec99546ad9c9c4db9d53adbb8440cbfe0feef7	projects/DOC-2-077-Small-Protein-Problem/rounds/SP-004-R4-eukaryotic-estimability-20260921.tar-b0af739b/SP-004-R4-eukaryotic-estimability/results/definition_summary.csv	DOC-2-077-Small-Protein-Problem/rounds/SP-004-R4-eukaryotic-estimability-20260921.tar-b0af739b/SP-004-R4-eukaryotic-estimability/results/definition_summary.csv
36b6e785c5c72b699b70d23ab48f5358a96863793320e24319d6cd0be205bd57	projects/DOC-2-077-Small-Protein-Problem/rounds/SP-004-R4-eukaryotic-estimability-20260921.tar-b0af739b/SP-004-R4-eukaryotic-estimability/results/family_cluster_effects.csv	DOC-2-077-Small-Protein-Problem/rounds/SP-004-R4-eukaryotic-estimability-20260921.tar-b0af739b/SP-004-R4-eukaryotic-estimability/results/family_cluster_effects.csv
c1d5e8bc03efc5874d012943479a41b96ae49de72ffea504561feb3723526baf	projects/DOC-2-077-Small-Protein-Problem/rounds/SP-004-R4-eukaryotic-estimability-20260921.tar-b0af739b/SP-004-R4-eukaryotic-estimability/results/gate_decision.json	DOC-2-077-Small-Protein-Problem/rounds/SP-004-R4-eukaryotic-estimability-20260921.tar-b0af739b/SP-004-R4-eukaryotic-estimability/results/gate_decision.json
5f129dd54ca4d9866a93132e5f4b408da1d0b7421a0626cbfbcac6ce1833a5ef	projects/DOC-2-077-Small-Protein-Problem/rounds/SP-004-R4-eukaryotic-estimability-20260921.tar-b0af739b/SP-004-R4-eukaryotic-estimability/results/leave_top_out.csv	DOC-2-077-Small-Protein-Problem/rounds/SP-004-R4-eukaryotic-estimability-20260921.tar-b0af739b/SP-004-R4-eukaryotic-estimability/results/leave_top_out.csv
ec4ce11f2503feac1ed40dfb38c9e3f41a52e93ef077348d1a142369c14abac7	projects/DOC-2-077-Small-Protein-Problem/rounds/SP-004-R4-eukaryotic-estimability-20260921.tar-b0af739b/SP-004-R4-eukaryotic-estimability/results/mmseqs_cluster_diagnostics.csv	DOC-2-077-Small-Protein-Problem/rounds/SP-004-R4-eukaryotic-estimability-20260921.tar-b0af739b/SP-004-R4-eukaryotic-estimability/results/mmseqs_cluster_diagnostics.csv
2761d4815fcf070cfce57dd0229f016d54313d85417d617b94be3ef5ff12e4de	projects/DOC-2-077-Small-Protein-Problem/rounds/SP-004-R4-eukaryotic-estimability-20260921.tar-b0af739b/SP-004-R4-eukaryotic-estimability/review/FLAGSHIP_REVIEW.md	DOC-2-077-Small-Protein-Problem/rounds/SP-004-R4-eukaryotic-estimability-20260921.tar-b0af739b/SP-004-R4-eukaryotic-estimability/review/FLAGSHIP_REVIEW.md
3b922cf3ff83e51fb92457dd30062129b0f1c3e7f8e8ea419216343abe6a37c2	projects/DOC-2-077-Small-Protein-Problem/rounds/SP-004-R5-pride-feasibility-20260921.tar-985697d8/SP-004-R5-pride-feasibility/README.md	DOC-2-077-Small-Protein-Problem/rounds/SP-004-R5-pride-feasibility-20260921.tar-985697d8/SP-004-R5-pride-feasibility/README.md
552adb7dcb41493181c521175e7e4fcc423939163190ae5ba2415e0c1c4bad75	projects/DOC-2-077-Small-Protein-Problem/rounds/SP-004-R5-pride-feasibility-20260921.tar-985697d8/SP-004-R5-pride-feasibility/code/audit_pride_feasibility.py	DOC-2-077-Small-Protein-Problem/rounds/SP-004-R5-pride-feasibility-20260921.tar-985697d8/SP-004-R5-pride-feasibility/code/audit_pride_feasibility.py
7dfe7e2996e7040b76fb5fd5c754a6153d07bf6fac1551fcc9486a03356f1794	projects/DOC-2-077-Small-Protein-Problem/rounds/SP-004-R5-pride-feasibility-20260921.tar-985697d8/SP-004-R5-pride-feasibility/protocol/LOCKED_FEASIBILITY_PROTOCOL.md	DOC-2-077-Small-Protein-Problem/rounds/SP-004-R5-pride-feasibility-20260921.tar-985697d8/SP-004-R5-pride-feasibility/protocol/LOCKED_FEASIBILITY_PROTOCOL.md
b67057bf4adda4e63300f5f538927c6a670ef1bfb0c5c3e9209c7dd61bfd6f9a	projects/DOC-2-077-Small-Protein-Problem/rounds/SP-004-R5-pride-feasibility-20260921.tar-985697d8/SP-004-R5-pride-feasibility/protocol/LOCKED_PROTOCOL.sha256	DOC-2-077-Small-Protein-Problem/rounds/SP-004-R5-pride-feasibility-20260921.tar-985697d8/SP-004-R5-pride-feasibility/protocol/LOCKED_PROTOCOL.sha256
25cfdbb0760ae6e3219b1600f484453675e7deb6052c0b35e663a14b386a6340	projects/DOC-2-077-Small-Protein-Problem/rounds/SP-004-R5-pride-feasibility-20260921.tar-985697d8/SP-004-R5-pride-feasibility/protocol/protocol.json	DOC-2-077-Small-Protein-Problem/rounds/SP-004-R5-pride-feasibility-20260921.tar-985697d8/SP-004-R5-pride-feasibility/protocol/protocol.json
41326547d714b3b7090b25acb2635b9b0f416af6c217257ec9f95e79756036b1	projects/DOC-2-077-Small-Protein-Problem/rounds/SP-004-R5-pride-feasibility-20260921.tar-985697d8/SP-004-R5-pride-feasibility/provenance/ENVIRONMENT.txt	DOC-2-077-Small-Protein-Problem/rounds/SP-004-R5-pride-feasibility-20260921.tar-985697d8/SP-004-R5-pride-feasibility/provenance/ENVIRONMENT.txt
3fee1e901f1b5f8ceca86206428a091dbda7b2a15ca4a0a00ae49aa2739d7297	projects/DOC-2-077-Small-Protein-Problem/rounds/SP-004-R5-pride-feasibility-20260921.tar-985697d8/SP-004-R5-pride-feasibility/provenance/SOURCE_LEDGER.md	DOC-2-077-Small-Protein-Problem/rounds/SP-004-R5-pride-feasibility-20260921.tar-985697d8/SP-004-R5-pride-feasibility/provenance/SOURCE_LEDGER.md
3437d6cdebcb8ec83a97d20930321269308c19667d2392c0f118524292be8676	projects/DOC-2-077-Small-Protein-Problem/rounds/SP-004-R5-pride-feasibility-20260921.tar-985697d8/SP-004-R5-pride-feasibility/provenance/file_manifest_sha256.csv	DOC-2-077-Small-Protein-Problem/rounds/SP-004-R5-pride-feasibility-20260921.tar-985697d8/SP-004-R5-pride-feasibility/provenance/file_manifest_sha256.csv
2e06bb5ba897f42d1aa53a67536b2e95cb2eb7413ae5da905c41bd879540f122	projects/DOC-2-077-Small-Protein-Problem/rounds/SP-004-R5-pride-feasibility-20260921.tar-985697d8/SP-004-R5-pride-feasibility/report/FULL_TECHNICAL_REPORT.md	DOC-2-077-Small-Protein-Problem/rounds/SP-004-R5-pride-feasibility-20260921.tar-985697d8/SP-004-R5-pride-feasibility/report/FULL_TECHNICAL_REPORT.md
3985a36fb8295b1329c254b7d8e1914eeba271010ab2e23317a452146e284ed1	projects/DOC-2-077-Small-Protein-Problem/rounds/SP-004-R5-pride-feasibility-20260921.tar-985697d8/SP-004-R5-pride-feasibility/results/feasibility_summary.csv	DOC-2-077-Small-Protein-Problem/rounds/SP-004-R5-pride-feasibility-20260921.tar-985697d8/SP-004-R5-pride-feasibility/results/feasibility_summary.csv
dab1aa9b7448f11ef30c574bba74cc47a99a048594863a70c5ae83de6ef599ed	projects/DOC-2-077-Small-Protein-Problem/rounds/SP-004-R5-pride-feasibility-20260921.tar-985697d8/SP-004-R5-pride-feasibility/results/file_inventory.csv	DOC-2-077-Small-Protein-Problem/rounds/SP-004-R5-pride-feasibility-20260921.tar-985697d8/SP-004-R5-pride-feasibility/results/file_inventory.csv
8fa0a51c123767be1cb5c5f8020078c80e6e4e15321c7d22205a35c32332b8c8	projects/DOC-2-077-Small-Protein-Problem/rounds/SP-004-R5-pride-feasibility-20260921.tar-985697d8/SP-004-R5-pride-feasibility/results/project_feasibility.csv	DOC-2-077-Small-Protein-Problem/rounds/SP-004-R5-pride-feasibility-20260921.tar-985697d8/SP-004-R5-pride-feasibility/results/project_feasibility.csv
93caa9f2cc11689ca4262325600c5d3de163a2340e4506adf4caf760b45eac98	projects/DOC-2-077-Small-Protein-Problem/rounds/SP-004-R5-pride-feasibility-20260921.tar-985697d8/SP-004-R5-pride-feasibility/review/FLAGSHIP_REVIEW.md	DOC-2-077-Small-Protein-Problem/rounds/SP-004-R5-pride-feasibility-20260921.tar-985697d8/SP-004-R5-pride-feasibility/review/FLAGSHIP_REVIEW.md
953e8dbdb1a8fe82ebe274a940db8b71627dd627401014ba2cbeb91df26a0e0e	projects/DOC-2-077-Small-Protein-Problem/rounds/SP-004-R6-harmonization-build-20260921.tar-55b95189/SP-004-R6-harmonization-build/README.md	DOC-2-077-Small-Protein-Problem/rounds/SP-004-R6-harmonization-build-20260921.tar-55b95189/SP-004-R6-harmonization-build/README.md
f96752e9f47092f67e0e266c2086f9aca3466fd42cf4e0c99ecbecc40ec2ab82	projects/DOC-2-077-Small-Protein-Problem/rounds/SP-004-R6-harmonization-build-20260921.tar-55b95189/SP-004-R6-harmonization-build/code/freeze_manifest.py	DOC-2-077-Small-Protein-Problem/rounds/SP-004-R6-harmonization-build-20260921.tar-55b95189/SP-004-R6-harmonization-build/code/freeze_manifest.py
4782e9e2a2a185f26005abc7e261ca2eea5bfdbc451517206049bcaff3c986d9	projects/DOC-2-077-Small-Protein-Problem/rounds/SP-004-R6-harmonization-build-20260921.tar-55b95189/SP-004-R6-harmonization-build/code/validate_manifest.py	DOC-2-077-Small-Protein-Problem/rounds/SP-004-R6-harmonization-build-20260921.tar-55b95189/SP-004-R6-harmonization-build/code/validate_manifest.py
c1aeed1760950afdfd392ac183142bd162a18c25af44cb66d30f8ba1dfd304c3	projects/DOC-2-077-Small-Protein-Problem/rounds/SP-004-R6-harmonization-build-20260921.tar-55b95189/SP-004-R6-harmonization-build/config/harmonization_schema.yaml	DOC-2-077-Small-Protein-Problem/rounds/SP-004-R6-harmonization-build-20260921.tar-55b95189/SP-004-R6-harmonization-build/config/harmonization_schema.yaml
c7e61687a16d8df24200e4e3f63a6963b2c3ad46ba55c50cf5e4aa2c2dd5e717	projects/DOC-2-077-Small-Protein-Problem/rounds/SP-004-R6-harmonization-build-20260921.tar-55b95189/SP-004-R6-harmonization-build/protocol/LOCKED_MANIFEST_PROTOCOL.md	DOC-2-077-Small-Protein-Problem/rounds/SP-004-R6-harmonization-build-20260921.tar-55b95189/SP-004-R6-harmonization-build/protocol/LOCKED_MANIFEST_PROTOCOL.md
283354ea0429ea027b3741a54a043c60e4e42bf0be4cb4124c186ffeff8853ff	projects/DOC-2-077-Small-Protein-Problem/rounds/SP-004-R6-harmonization-build-20260921.tar-55b95189/SP-004-R6-harmonization-build/protocol/LOCKED_PROTOCOL.sha256	DOC-2-077-Small-Protein-Problem/rounds/SP-004-R6-harmonization-build-20260921.tar-55b95189/SP-004-R6-harmonization-build/protocol/LOCKED_PROTOCOL.sha256
b29f6afe9a3aab3e1de6e69c958bc02046a17d411c3ba919ffc89d38d8cf55f3	projects/DOC-2-077-Small-Protein-Problem/rounds/SP-004-R6-harmonization-build-20260921.tar-55b95189/SP-004-R6-harmonization-build/provenance/ENVIRONMENT.txt	DOC-2-077-Small-Protein-Problem/rounds/SP-004-R6-harmonization-build-20260921.tar-55b95189/SP-004-R6-harmonization-build/provenance/ENVIRONMENT.txt
6c4d5f5854407a1d2fb14c51c545dcd7228abf2488b0ee0eced1ea8473978fce	projects/DOC-2-077-Small-Protein-Problem/rounds/SP-004-R6-harmonization-build-20260921.tar-55b95189/SP-004-R6-harmonization-build/provenance/SOURCE_LEDGER.md	DOC-2-077-Small-Protein-Problem/rounds/SP-004-R6-harmonization-build-20260921.tar-55b95189/SP-004-R6-harmonization-build/provenance/SOURCE_LEDGER.md
eb8acddc831caf095c9d59939d6656f595c2f6ab2c8bdd85535834e856d68fcf	projects/DOC-2-077-Small-Protein-Problem/rounds/SP-004-R6-harmonization-build-20260921.tar-55b95189/SP-004-R6-harmonization-build/provenance/file_manifest_sha256.csv	DOC-2-077-Small-Protein-Problem/rounds/SP-004-R6-harmonization-build-20260921.tar-55b95189/SP-004-R6-harmonization-build/provenance/file_manifest_sha256.csv
1604481044b2779c3e52c3cdb7f71e73c13db500c1a4b453739135e9db6fef3f	projects/DOC-2-077-Small-Protein-Problem/rounds/SP-004-R6-harmonization-build-20260921.tar-55b95189/SP-004-R6-harmonization-build/report/FULL_TECHNICAL_REPORT.md	DOC-2-077-Small-Protein-Problem/rounds/SP-004-R6-harmonization-build-20260921.tar-55b95189/SP-004-R6-harmonization-build/report/FULL_TECHNICAL_REPORT.md
9283874571ac9761f8c61b595e2749080838393d110f02395ffcf8e956eec4c6	projects/DOC-2-077-Small-Protein-Problem/rounds/SP-004-R6-harmonization-build-20260921.tar-55b95189/SP-004-R6-harmonization-build/results/download_status.tsv	DOC-2-077-Small-Protein-Problem/rounds/SP-004-R6-harmonization-build-20260921.tar-55b95189/SP-004-R6-harmonization-build/results/download_status.tsv
7ba84a3ba8e489660694b3ef316aa2fceccef7f6147753c49c64f4ede21f73ef	projects/DOC-2-077-Small-Protein-Problem/rounds/SP-004-R6-harmonization-build-20260921.tar-55b95189/SP-004-R6-harmonization-build/results/feasibility_gate.csv	DOC-2-077-Small-Protein-Problem/rounds/SP-004-R6-harmonization-build-20260921.tar-55b95189/SP-004-R6-harmonization-build/results/feasibility_gate.csv
9d3f49386167085c856c42b722e82a6a35390a631b7c1a5c5532a664f2d74645	projects/DOC-2-077-Small-Protein-Problem/rounds/SP-004-R6-harmonization-build-20260921.tar-55b95189/SP-004-R6-harmonization-build/results/frozen_file_manifest.csv	DOC-2-077-Small-Protein-Problem/rounds/SP-004-R6-harmonization-build-20260921.tar-55b95189/SP-004-R6-harmonization-build/results/frozen_file_manifest.csv
3694dd733b5cd90073318778f23bc58bf933ddcd688e42b3b598e7f572521fd0	projects/DOC-2-077-Small-Protein-Problem/rounds/SP-004-R6-harmonization-build-20260921.tar-55b95189/SP-004-R6-harmonization-build/results/frozen_project_api_files.csv	DOC-2-077-Small-Protein-Problem/rounds/SP-004-R6-harmonization-build-20260921.tar-55b95189/SP-004-R6-harmonization-build/results/frozen_project_api_files.csv
3b336e27fd7b80a2c5aa12a37bf1292d396991f0c40623c80190e6cc40b77af4	projects/DOC-2-077-Small-Protein-Problem/rounds/SP-004-R6-harmonization-build-20260921.tar-55b95189/SP-004-R6-harmonization-build/results/frozen_projects.csv	DOC-2-077-Small-Protein-Problem/rounds/SP-004-R6-harmonization-build-20260921.tar-55b95189/SP-004-R6-harmonization-build/results/frozen_projects.csv
a5a0cb33b5d66bfcd480022b5e8f7a27d768f46f744ae58568c1135a17ddd68e	projects/DOC-2-077-Small-Protein-Problem/rounds/SP-004-R6-harmonization-build-20260921.tar-55b95189/SP-004-R6-harmonization-build/review/FLAGSHIP_REVIEW.md	DOC-2-077-Small-Protein-Problem/rounds/SP-004-R6-harmonization-build-20260921.tar-55b95189/SP-004-R6-harmonization-build/review/FLAGSHIP_REVIEW.md
f3444414f9e55542e5637264f45786fc0a6531f32a95425ae8d46411aac761c5	projects/DOC-2-077-Small-Protein-Problem/rounds/SP-004-small-protein-evidence-gap-20260921.tar-bf523c09/SP-004-small-protein-evidence-gap/README.md	DOC-2-077-Small-Protein-Problem/rounds/SP-004-small-protein-evidence-gap-20260921.tar-bf523c09/SP-004-small-protein-evidence-gap/README.md
75530b52ad689a63865a7eb4e1aebf589720b26273b7ce6bb0c517e6a6022034	projects/DOC-2-077-Small-Protein-Problem/rounds/SP-004-small-protein-evidence-gap-20260921.tar-bf523c09/SP-004-small-protein-evidence-gap/code/run_analysis.py	DOC-2-077-Small-Protein-Problem/rounds/SP-004-small-protein-evidence-gap-20260921.tar-bf523c09/SP-004-small-protein-evidence-gap/code/run_analysis.py
7e370083b14065b8236a36ce2ffbc143da814f351898a437fcd7b3004c95e0e3	projects/DOC-2-077-Small-Protein-Problem/rounds/SP-004-small-protein-evidence-gap-20260921.tar-bf523c09/SP-004-small-protein-evidence-gap/figures/evidence_coverage.png	DOC-2-077-Small-Protein-Problem/rounds/SP-004-small-protein-evidence-gap-20260921.tar-bf523c09/SP-004-small-protein-evidence-gap/figures/evidence_coverage.png
9a00b184391752079ac60f14d4d875ec26796a5a3df2ac1d06b1371c10968904	projects/DOC-2-077-Small-Protein-Problem/rounds/SP-004-small-protein-evidence-gap-20260921.tar-bf523c09/SP-004-small-protein-evidence-gap/figures/organism_paired_effects.png	DOC-2-077-Small-Protein-Problem/rounds/SP-004-small-protein-evidence-gap-20260921.tar-bf523c09/SP-004-small-protein-evidence-gap/figures/organism_paired_effects.png
91319bc20277bc9189b68d37b27e29425b675bdff302472c1254bbc39e5ddc73	projects/DOC-2-077-Small-Protein-Problem/rounds/SP-004-small-protein-evidence-gap-20260921.tar-bf523c09/SP-004-small-protein-evidence-gap/product/TRIAGE_SPECIFICATION.md	DOC-2-077-Small-Protein-Problem/rounds/SP-004-small-protein-evidence-gap-20260921.tar-bf523c09/SP-004-small-protein-evidence-gap/product/TRIAGE_SPECIFICATION.md
f9fdf0f2d4549844273626ce767c58423e1f3d8aad3055439c1b757d5f1ae86a	projects/DOC-2-077-Small-Protein-Problem/rounds/SP-004-small-protein-evidence-gap-20260921.tar-bf523c09/SP-004-small-protein-evidence-gap/protocol/LOCKED_PROTOCOL.md	DOC-2-077-Small-Protein-Problem/rounds/SP-004-small-protein-evidence-gap-20260921.tar-bf523c09/SP-004-small-protein-evidence-gap/protocol/LOCKED_PROTOCOL.md
b2b2fe941092b1ff275a06050a338614e6ebf9d3cffd2658939082f0a5d7f1fc	projects/DOC-2-077-Small-Protein-Problem/rounds/SP-004-small-protein-evidence-gap-20260921.tar-bf523c09/SP-004-small-protein-evidence-gap/protocol/LOCKED_PROTOCOL.sha256	DOC-2-077-Small-Protein-Problem/rounds/SP-004-small-protein-evidence-gap-20260921.tar-bf523c09/SP-004-small-protein-evidence-gap/protocol/LOCKED_PROTOCOL.sha256
b4862fabe0ecfdccb4dcb059ed4fdddd700846871bc0a8066d16000c73309d23	projects/DOC-2-077-Small-Protein-Problem/rounds/SP-004-small-protein-evidence-gap-20260921.tar-bf523c09/SP-004-small-protein-evidence-gap/protocol/protocol.json	DOC-2-077-Small-Protein-Problem/rounds/SP-004-small-protein-evidence-gap-20260921.tar-bf523c09/SP-004-small-protein-evidence-gap/protocol/protocol.json
cf3ad4160898da16a712447facf2ecbca0340a35dfbf2602bb532a6c71e00f91	projects/DOC-2-077-Small-Protein-Problem/rounds/SP-004-small-protein-evidence-gap-20260921.tar-bf523c09/SP-004-small-protein-evidence-gap/provenance/ENVIRONMENT.txt	DOC-2-077-Small-Protein-Problem/rounds/SP-004-small-protein-evidence-gap-20260921.tar-bf523c09/SP-004-small-protein-evidence-gap/provenance/ENVIRONMENT.txt
c6048c166090187851e8ebc5a141544010aacd3e5c7b097495b99bc66bc5070e	projects/DOC-2-077-Small-Protein-Problem/rounds/SP-004-small-protein-evidence-gap-20260921.tar-bf523c09/SP-004-small-protein-evidence-gap/provenance/SOURCE_LEDGER.md	DOC-2-077-Small-Protein-Problem/rounds/SP-004-small-protein-evidence-gap-20260921.tar-bf523c09/SP-004-small-protein-evidence-gap/provenance/SOURCE_LEDGER.md
9051d1b9a9ff6169444fd7708b6cbb5157d21e26076b17b041c6790d25c43d9e	projects/DOC-2-077-Small-Protein-Problem/rounds/SP-004-small-protein-evidence-gap-20260921.tar-bf523c09/SP-004-small-protein-evidence-gap/provenance/file_manifest_sha256.csv	DOC-2-077-Small-Protein-Problem/rounds/SP-004-small-protein-evidence-gap-20260921.tar-bf523c09/SP-004-small-protein-evidence-gap/provenance/file_manifest_sha256.csv
a7ee05b6a4c334f68303fb33ff213cac866421a018b917b5f77171d76640a3c9	projects/DOC-2-077-Small-Protein-Problem/rounds/SP-004-small-protein-evidence-gap-20260921.tar-bf523c09/SP-004-small-protein-evidence-gap/provenance/raw_sha256.txt	DOC-2-077-Small-Protein-Problem/rounds/SP-004-small-protein-evidence-gap-20260921.tar-bf523c09/SP-004-small-protein-evidence-gap/provenance/raw_sha256.txt
0641a3af99305213c77b3933922d1ac7f87b62bd41190ec7976cfe7523030ff4	projects/DOC-2-077-Small-Protein-Problem/rounds/SP-004-small-protein-evidence-gap-20260921.tar-bf523c09/SP-004-small-protein-evidence-gap/provenance/uniprot_control_headers.txt	DOC-2-077-Small-Protein-Problem/rounds/SP-004-small-protein-evidence-gap-20260921.tar-bf523c09/SP-004-small-protein-evidence-gap/provenance/uniprot_control_headers.txt
8363488d24fc991d9fe1426c3a579521f13f91fcb5dc9e5df1275d6395115976	projects/DOC-2-077-Small-Protein-Problem/rounds/SP-004-small-protein-evidence-gap-20260921.tar-bf523c09/SP-004-small-protein-evidence-gap/provenance/uniprot_control_retrieved_utc.txt	DOC-2-077-Small-Protein-Problem/rounds/SP-004-small-protein-evidence-gap-20260921.tar-bf523c09/SP-004-small-protein-evidence-gap/provenance/uniprot_control_retrieved_utc.txt
8d076ab97b37f9aea401be6fde4fa16c227f6030963f813e4f6817e2d29fa737	projects/DOC-2-077-Small-Protein-Problem/rounds/SP-004-small-protein-evidence-gap-20260921.tar-bf523c09/SP-004-small-protein-evidence-gap/provenance/uniprot_control_url.txt	DOC-2-077-Small-Protein-Problem/rounds/SP-004-small-protein-evidence-gap-20260921.tar-bf523c09/SP-004-small-protein-evidence-gap/provenance/uniprot_control_url.txt
db3090369d6483ec5c1ddaab71a462c46e1e8a069243ab5741db7d39b3153efb	projects/DOC-2-077-Small-Protein-Problem/rounds/SP-004-small-protein-evidence-gap-20260921.tar-bf523c09/SP-004-small-protein-evidence-gap/provenance/uniprot_short_headers.txt	DOC-2-077-Small-Protein-Problem/rounds/SP-004-small-protein-evidence-gap-20260921.tar-bf523c09/SP-004-small-protein-evidence-gap/provenance/uniprot_short_headers.txt
b374bc71e6bf98837327f3c2c117ee4997984eb1582534597c7dee48a1b493b2	projects/DOC-2-077-Small-Protein-Problem/rounds/SP-004-small-protein-evidence-gap-20260921.tar-bf523c09/SP-004-small-protein-evidence-gap/provenance/uniprot_short_retrieved_utc.txt	DOC-2-077-Small-Protein-Problem/rounds/SP-004-small-protein-evidence-gap-20260921.tar-bf523c09/SP-004-small-protein-evidence-gap/provenance/uniprot_short_retrieved_utc.txt
73146e7963d924d91513edce19e00f2ff10a424e2ee8a9c3492be0073ca73f7f	projects/DOC-2-077-Small-Protein-Problem/rounds/SP-004-small-protein-evidence-gap-20260921.tar-bf523c09/SP-004-small-protein-evidence-gap/provenance/uniprot_short_url.txt	DOC-2-077-Small-Protein-Problem/rounds/SP-004-small-protein-evidence-gap-20260921.tar-bf523c09/SP-004-small-protein-evidence-gap/provenance/uniprot_short_url.txt
bb299dbbe848bc4e87c7dd1810d5e1e53d7177b641073fe71e16323f3760a528	projects/DOC-2-077-Small-Protein-Problem/rounds/SP-004-small-protein-evidence-gap-20260921.tar-bf523c09/SP-004-small-protein-evidence-gap/report/FULL_TECHNICAL_REPORT.md	DOC-2-077-Small-Protein-Problem/rounds/SP-004-small-protein-evidence-gap-20260921.tar-bf523c09/SP-004-small-protein-evidence-gap/report/FULL_TECHNICAL_REPORT.md
8f6adc139ec0944ab847efea749ffaf4617567a49d307c486ed22d31b6eecb4f	projects/DOC-2-077-Small-Protein-Problem/rounds/SP-004-small-protein-evidence-gap-20260921.tar-bf523c09/SP-004-small-protein-evidence-gap/results/controls.csv	DOC-2-077-Small-Protein-Problem/rounds/SP-004-small-protein-evidence-gap-20260921.tar-bf523c09/SP-004-small-protein-evidence-gap/results/controls.csv
8ad5471e14e932cb2212025aefd8a2e3df183bd3ee07c629229e2e9ad80291b9	projects/DOC-2-077-Small-Protein-Problem/rounds/SP-004-small-protein-evidence-gap-20260921.tar-bf523c09/SP-004-small-protein-evidence-gap/results/endpoint_effects.csv	DOC-2-077-Small-Protein-Problem/rounds/SP-004-small-protein-evidence-gap-20260921.tar-bf523c09/SP-004-small-protein-evidence-gap/results/endpoint_effects.csv
063983c05d66cde5bdcc463bc37e2eb66e6480983780640fb354d9732427b2ce	projects/DOC-2-077-Small-Protein-Problem/rounds/SP-004-small-protein-evidence-gap-20260921.tar-bf523c09/SP-004-small-protein-evidence-gap/results/gate_decision.json	DOC-2-077-Small-Protein-Problem/rounds/SP-004-small-protein-evidence-gap-20260921.tar-bf523c09/SP-004-small-protein-evidence-gap/results/gate_decision.json
8e883b0c56b5620ec794d3eee1c86d16070f08fb94f55089560f65fe345c16a0	projects/DOC-2-077-Small-Protein-Problem/rounds/SP-004-small-protein-evidence-gap-20260921.tar-bf523c09/SP-004-small-protein-evidence-gap/results/leave_one_phylum_out.csv	DOC-2-077-Small-Protein-Problem/rounds/SP-004-small-protein-evidence-gap-20260921.tar-bf523c09/SP-004-small-protein-evidence-gap/results/leave_one_phylum_out.csv
bfc35ebbd765c47f3831da1c0267a3c5aec7925e73db8e9bf584916e0b7da85c	projects/DOC-2-077-Small-Protein-Problem/rounds/SP-004-small-protein-evidence-gap-20260921.tar-bf523c09/SP-004-small-protein-evidence-gap/results/length_strata.csv	DOC-2-077-Small-Protein-Problem/rounds/SP-004-small-protein-evidence-gap-20260921.tar-bf523c09/SP-004-small-protein-evidence-gap/results/length_strata.csv
9f0173dbd3fbb431fcf304b13d45f2b215736f5ae6e299e2c38805dc39819af6	projects/DOC-2-077-Small-Protein-Problem/rounds/SP-004-small-protein-evidence-gap-20260921.tar-bf523c09/SP-004-small-protein-evidence-gap/results/organism_cluster_bootstrap.csv	DOC-2-077-Small-Protein-Problem/rounds/SP-004-small-protein-evidence-gap-20260921.tar-bf523c09/SP-004-small-protein-evidence-gap/results/organism_cluster_bootstrap.csv
c17bc6d2bf353b808f689e28e95fd33bb658e04d0ed2178c28ca60a8eac0e2f2	projects/DOC-2-077-Small-Protein-Problem/rounds/SP-004-small-protein-evidence-gap-20260921.tar-bf523c09/SP-004-small-protein-evidence-gap/results/organism_paired_effects.csv	DOC-2-077-Small-Protein-Problem/rounds/SP-004-small-protein-evidence-gap-20260921.tar-bf523c09/SP-004-small-protein-evidence-gap/results/organism_paired_effects.csv
08b3b1718c020420d0af63e09f5bf39cac18c196a23669c5aa0d5493996e5f17	projects/DOC-2-077-Small-Protein-Problem/rounds/SP-004-small-protein-evidence-gap-20260921.tar-bf523c09/SP-004-small-protein-evidence-gap/results/phylum_composition.csv	DOC-2-077-Small-Protein-Problem/rounds/SP-004-small-protein-evidence-gap-20260921.tar-bf523c09/SP-004-small-protein-evidence-gap/results/phylum_composition.csv
34482b443d07ae0b7eba14314b48b349a3b744e5b6fcbacf4b95d4a754fc6013	projects/DOC-2-077-Small-Protein-Problem/rounds/SP-004-small-protein-evidence-gap-20260921.tar-bf523c09/SP-004-small-protein-evidence-gap/results/rcsb_concordance.csv	DOC-2-077-Small-Protein-Problem/rounds/SP-004-small-protein-evidence-gap-20260921.tar-bf523c09/SP-004-small-protein-evidence-gap/results/rcsb_concordance.csv
e00ed955dfda7a4e344b2bb415b021605352823759c92e7e907047af9b860e44	projects/DOC-2-077-Small-Protein-Problem/rounds/SP-004-small-protein-evidence-gap-20260921.tar-bf523c09/SP-004-small-protein-evidence-gap/results/top_protein_names.csv	DOC-2-077-Small-Protein-Problem/rounds/SP-004-small-protein-evidence-gap-20260921.tar-bf523c09/SP-004-small-protein-evidence-gap/results/top_protein_names.csv
e5bb1a31425a26c09cdaade12f869540d18d80de8867e1622aeb17fd10475b15	projects/DOC-2-077-Small-Protein-Problem/rounds/SP-004-small-protein-evidence-gap-20260921.tar-bf523c09/SP-004-small-protein-evidence-gap/review/FLAGSHIP_REVIEW.md	DOC-2-077-Small-Protein-Problem/rounds/SP-004-small-protein-evidence-gap-20260921.tar-bf523c09/SP-004-small-protein-evidence-gap/review/FLAGSHIP_REVIEW.md
